"","aape.7","curr.adfg.fcst","curr.adfg.range.low","curr.adfg.range.up"
"1",0.265875803416347,116196,85302.2951462341,147089.704853766
