"","s.names","mape","rmse","rsq"
"1","1977+ (all years)",21.5757558784989,63968.8476280471,0.445887898885654
"2","Last 20 years",19.0073669614613,51431.2300967238,0.623639297260898
"3","Last 10 years",19.8395815531904,42140.8662914438,-0.103446472864259
