"","s.names","mape","rmse","rsq"
"1","1977+ (all years)",21.4680917057875,61685.7743052111,0.482960646063355
"2","Last 20 years",22.7678141255607,54340.5088318479,0.584797538776142
"3","Last 10 years",25.1560571529625,44220.9762749341,-0.188849153637858
