"","estimates.Estimate","estimates.SE"
"elpd_waic",-201.916405750866,71.1416817257178
"p_waic",24.5603791620979,7.98510980696538
"waic",403.832811501733,142.283363451436
