"","estimates.Estimate","estimates.SE"
"elpd_waic",-147.975189510791,62.0439036000132
"p_waic",20.223843191347,7.15214805920916
"waic",295.950379021582,124.087807200026
